Source,Target,Weight
1,2,0.8487989539667955
2,3,0.45524236053893974
2,17,0.884514840250283
3,4,0.39065742566034445
17,18,0.8359183424923867
4,5,0.4583572338510862
4,855,0.4933938952235327
6,7,0.6881985993574657
6,880,0.7907478855140166
7,8,0.3703951107978506
7,22,0.47526902618731615
7,23,0.40589930348217584
7,411,0.8058576872398138
7,453,0.3114666187713041
7,454,0.6830883259608389
7,889,0.4332002292138857
880,881,0.16386855490131674
8,9,0.16099127143919473
8,479,0.8606959381891757
8,480,0.9028489080172394
8,561,0.5041259449331131
22,409,0.12106356012529584
22,885,0.8483949294462596
23,24,0.4728933337957315
23,537,0.7880582931223499
23,538,0.9385191661411914
23,1078,0.7581779844499884
23,1109,0.6586425633999093
411,412,0.89876698797356
453,478,0.693209879935522
453,479,0.6710206990508688
453,885,0.15958794523588926
454,874,0.99242988383466
454,881,0.19819331416190628
454,885,0.3449038831901893
9,10,0.7386217042150166
9,537,0.21012568727940534
9,561,0.6593629890506906
9,1074,0.9141616302439554
479,620,0.10988361001395655
480,481,0.6381975941102076
561,562,0.7198641305609195
10,11,0.5841180670391161
10,536,0.11388517489066649
10,561,0.7956770996184169
537,621,0.6769135217353348
537,622,0.9233071907960668
1074,1075,0.2445604746268965
11,12,0.48039295188884046
11,560,0.34562415913965727
536,1139,0.7501873858745156
12,13,0.8756844791766794
12,27,0.5474098281534434
12,30,0.1232261054113914
12,559,0.12770625613594802
13,14,0.8230132156721711
13,596,0.6227200679958904
13,1138,0.968200679171487
27,28,0.7744159624359745
27,561,0.4473003218503373
30,31,0.893469872458985
559,560,0.306493821556367
559,593,0.36526404100677057
559,594,0.25689103749325615
14,34,0.8752999359327821
34,1159,0.7725770284651776
15,16,0.1499808699008932
16,17,0.4209431501233435
18,19,0.5386842709355845
18,823,0.7442041321187522
19,20,0.15715226151844083
19,388,0.4366958784491948
19,389,0.9066344220771845
19,627,0.7783050051784512
20,21,0.8905474515798988
389,390,0.4136002354839171
389,861,0.9970423232316739
409,410,0.38263380197336283
409,862,0.155941520918158
409,1024,0.9577626026153588
24,25,0.7238514355520823
24,1110,0.3049659915023169
538,539,0.8952835192311032
538,1110,0.45761291533529047
1109,1111,0.13084964470633267
25,26,0.9171633663707957
26,27,0.3135479475208218
28,29,0.2243310601969693
29,30,0.16667031410547356
31,32,0.8114889203037037
32,33,0.10666551857109487
33,34,0.7761806809214777
35,36,0.9854508798699901
35,392,0.6080737347272028
36,37,0.10448341604154471
36,631,0.253949506543636
392,393,0.14072275819066435
37,38,0.41330159169937375
37,628,0.7500621386929951
37,863,0.558124699839583
37,1011,0.5030830961289363
38,39,0.1904778197162352
628,862,0.3415110422328324
1011,1012,0.31253952500994453
1011,1013,0.9597518146808417
39,40,0.6263784499224003
39,412,0.9773801049256301
39,413,0.27182448293935224
39,628,0.32662791901731136
39,875,0.17478384090858698
39,876,0.49116418396278627
39,881,0.6040592452767757
40,41,0.4505053207414551
412,1014,0.37398385435650017
413,414,0.243436048536579
413,876,0.40894542251364885
413,1029,0.2797120746010483
876,877,0.736295673749783
41,42,0.8203556705629262
42,43,0.15481690454352598
42,876,0.24351117037409076
42,881,0.967766594417233
42,882,0.2868927995745848
43,44,0.3471354733912515
43,50,0.27446377580431885
43,51,0.9632233613919905
43,411,0.6438197323799731
43,454,0.242722553487236
43,455,0.47562327417704897
882,883,0.8765567459349561
44,45,0.6139975003967708
50,51,0.1601723583804874
50,629,0.9130053089967823
51,52,0.5444422906102628
51,538,0.24968695770708446
51,901,0.44035767764413614
455,456,0.4607725914352927
455,882,0.88604615431567
45,46,0.8015947946732054
45,888,0.35762197735612944
46,47,0.9259019171962457
46,485,0.950948807186894
46,889,0.46407309973555055
46,1036,0.729340187601156
47,48,0.8436575418817724
47,73,0.54913685478317
47,486,0.7916333589873578
47,890,0.20513317248682053
48,49,0.279097317960113
48,74,0.15747062224783456
73,1037,0.764015313711256
486,487,0.8943734004720072
49,50,0.88828061987282
49,485,0.3440752898589644
49,629,0.7214020191739695
74,75,0.6054610009115405
629,902,0.46997942440588925
52,53,0.6883372096394031
53,54,0.27276395987520474
53,629,0.8992828041710815
54,55,0.4448127984037783
54,540,0.19422596585673596
55,56,0.9407371527643746
540,1112,0.7471438399841562
56,57,0.7464464011754031
56,540,0.6100764756778808
56,541,0.7688870575948962
56,912,0.44678598698981187
57,86,0.2536388966500817
57,541,0.48523958948403434
57,562,0.6410757251137432
541,542,0.867797805432409
86,154,0.4408394598309253
86,1143,0.35210955643031017
562,911,0.2567083396837815
58,59,0.7643755429937534
59,60,0.7676462134874326
61,62,0.21219264145799432
62,63,0.7981461251070389
62,1144,0.9023575834745232
64,65,0.349516226839029
64,394,0.9722772842810145
64,411,0.3396840965103777
64,842,0.7520538595869753
65,66,0.7587609758538795
65,393,0.8598367624240393
65,394,0.410714940481801
65,1012,0.9343918170821705
394,395,0.18226459696333525
394,987,0.4247017889895346
842,987,0.6077248399762125
66,67,0.2131627084318944
67,68,0.3473954114176619
68,69,0.9557454476993803
68,669,0.35874699264656806
68,863,0.10506672919547652
69,70,0.1313740588787612
69,414,0.33591081039670667
69,415,0.47806108922194124
69,630,0.9479991102557722
69,633,0.4853872253928283
70,71,0.6761489565865386
70,417,0.42742070902341633
70,456,0.7422512919686126
70,670,0.3000254746831119
70,879,0.630873047741719
414,1015,0.6596983268500949
415,416,0.7524272451620664
633,842,0.1713147089448515
633,991,0.926521858487746
633,992,0.9774948543358684
71,72,0.4258057293781785
417,418,0.3755422009399577
456,457,0.3514024670758058
72,73,0.9038861527654216
72,671,0.21210119999387544
72,888,0.1137443425908592
671,672,0.11297978932855832
671,673,0.9423883658189501
75,76,0.7769416997008783
75,486,0.7482166631957228
76,77,0.6083366668486526
77,78,0.535835150684628
77,677,0.6007145867994228
78,79,0.3944160941493534
79,80,0.7653203188251493
80,81,0.8213419777251911
81,82,0.22449082223406713
81,540,0.13807062357126415
81,541,0.5580776622718048
81,542,0.9564745103552931
81,904,0.8468868146177951
82,83,0.5847155061850897
83,84,0.30576910614852126
83,632,0.34664367292433007
84,85,0.29502183279131866
84,115,0.8992307946742751
84,116,0.13990216406455497
85,86,0.665894548796441
85,914,0.5579954047531744
115,149,0.6684372150538452
115,542,0.797344462467473
116,117,0.15870115219127146
154,155,0.9406931058229484
87,88,0.8408734623750684
88,89,0.5161639853818276
89,90,0.9340100974105107
90,91,0.2765008352648817
90,604,0.7992523363295039
90,798,0.755450249486757
91,92,0.3048510469095168
604,605,0.9552513415063307
604,634,0.44658240241344127
798,799,0.961174032567163
92,93,0.4567555233740255
93,374,0.2525636689987134
93,375,0.3003090341373042
93,600,0.2619005179526762
375,376,0.289192187169153
375,831,0.410997016281501
375,832,0.21079249557924634
600,601,0.6835867514128632
600,819,0.9474133305681085
600,829,0.5082767733691143
600,830,0.7563773354920139
94,95,0.9995483387014253
95,96,0.757964407200294
95,668,0.4679157864243457
96,97,0.12502948418907064
97,98,0.2115623039857512
98,99,0.8591773548997007
99,100,0.9896238484872965
100,101,0.4814921336091399
100,137,0.44420651133391287
100,633,0.1143175137884056
100,681,0.43304322369289006
101,102,0.3536322153043858
101,397,0.17667929050930786
101,398,0.13669791454123106
137,138,0.5495828239603795
137,169,0.6038840459603952
137,171,0.6318603730644858
137,399,0.4408666810619635
137,690,0.2855449181615317
137,994,0.8948924739955536
102,103,0.5407334015200022
397,669,0.27583441539952525
398,399,0.9484951284625551
103,104,0.12358521184581484
103,669,0.47519650268902847
104,105,0.4573644067218172
105,106,0.8222590711853875
105,670,0.46046523877756695
105,671,0.5786474348273711
105,673,0.36794630391189587
106,107,0.7362979427901942
106,457,0.6812795036118351
106,458,0.12010056893993126
106,693,0.3975560841724498
106,891,0.44651049691088374
673,674,0.6651111489735823
107,108,0.26319952407759706
107,144,0.6526469229243554
107,673,0.6119806785338586
107,674,0.6755244386929735
107,695,0.173878237686091
107,1040,0.28509478945808847
107,1044,0.36902818835945805
458,459,0.23881881537962207
693,886,0.558798391404136
693,887,0.8862176269167907
891,892,0.9699746320935467
108,109,0.7786710710421788
108,496,0.597805211091492
144,145,0.7728152997072472
144,496,0.8878406837160377
144,497,0.3485696845261275
144,1080,0.7828531532642269
674,890,0.10301424400426466
1040,1041,0.6138793754914387
109,110,0.14210280521010224
109,1079,0.7959805912010435
110,111,0.9500217849476451
110,493,0.5506317383134428
110,494,0.9713374380498411
110,495,0.627043332995153
110,1042,0.4603103337261979
1079,1080,0.2636964273135427
111,112,0.9475858861966163
112,113,0.48055245702956784
112,905,0.6187543483280019
113,114,0.6099778946669424
905,906,0.24001436622975783
114,115,0.24237532765186492
149,150,0.8714370378548724
117,118,0.17860367650464276
117,150,0.7595268259140517
117,151,0.5443047085032142
118,119,0.840248326052286
151,152,0.13568990595439412
119,120,0.8088677501671815
120,121,0.7465729360705697
120,1145,0.8355889958484316
121,122,0.9627205191700668
121,1145,0.42670138803127
1145,1146,0.15540837270385707
122,123,0.30571803663184866
122,1150,0.3027178975693958
123,124,0.5354219120541789
123,1149,0.11053439577745648
125,126,0.9607521686757705
125,573,0.36104470199385785
126,127,0.7051668765536699
126,1161,0.2738205139199019
127,128,0.6447264749874557
128,572,0.5421365737056917
572,573,0.5738617186909211
129,130,0.5791741200740724
130,131,0.9552039084375697
130,164,0.8659640076107055
130,372,0.9773844127612916
131,132,0.5221314488988198
164,165,0.9534739690066132
164,373,0.8354581919599128
164,599,0.4998962839059553
164,844,0.2689466410405623
132,133,0.6477436954183394
133,134,0.470352047824254
133,678,0.11594473075359787
134,135,0.17837592330060484
136,137,0.2982093703836502
136,681,0.30857652462283747
136,843,0.12684324752257264
843,993,0.8019368620986509
138,139,0.5436131866389681
138,864,0.9063468441653428
169,170,0.3941031208902407
171,172,0.3896623909924869
171,400,0.7445343667787687
399,682,0.8368251033626022
139,140,0.4393631192176324
139,422,0.8347219831542675
139,423,0.5296942666437532
140,141,0.9638734924578295
422,683,0.5208832490036812
141,142,0.7727184782010015
141,178,0.706044509049341
141,179,0.9947416050557878
141,459,0.21080750986592378
141,687,0.13628642373401828
141,715,0.907851933245703
142,143,0.22302761941399452
179,180,0.5924307141651618
179,499,0.7565192538282905
459,687,0.902321625045419
459,688,0.11686269654112025
459,694,0.11455478808095793
687,1030,0.4622222502135569
715,1031,0.28946942573579537
143,144,0.24483232872757227
143,497,0.1177723367338903
143,498,0.7755015194649517
143,893,0.11915785125564868
497,696,0.9752889542717524
497,893,0.7383727176073122
498,499,0.32596467346066066
893,1044,0.7123539158287016
145,146,0.5961853118410531
145,701,0.899445079689494
145,906,0.9452749787668525
145,907,0.505370768169002
146,147,0.22656251902185182
701,702,0.20774082696598728
907,1082,0.7904259852800227
147,148,0.4319693503030052
148,149,0.2945423896964805
148,543,0.47140777570083314
543,544,0.8737614228673988
543,545,0.10407683337919109
152,153,0.31184306806394635
152,917,0.23870343104809633
153,154,0.9345234264435763
155,156,0.9245711938181319
155,1146,0.793463799497198
156,157,0.15892440983345302
156,576,0.8851472563901288
157,576,0.5544743856414905
158,159,0.2657704360604758
158,577,0.5787952027787394
159,160,0.11324765802591522
577,931,0.6593729343028278
577,1164,0.8061512993473081
160,161,0.4021411364265889
160,210,0.23420358024245558
161,162,0.8383479933177569
210,211,0.7518671914456706
162,163,0.6225830252605886
163,212,0.3327315691553938
212,1171,0.7758790979268939
373,374,0.8497822956091873
373,793,0.27715811577876504
166,167,0.5135066625008456
167,168,0.7814169717738588
168,169,0.1677013953736201
168,856,0.9751196414076571
856,857,0.9540912648438934
170,171,0.112040357345044
172,173,0.12056805527945458
400,401,0.8376780251242397
400,424,0.4786854387502488
173,174,0.6821563677892557
173,423,0.7799813338248507
173,424,0.579920066743429
173,864,0.8778629070214802
174,175,0.6540242678701128
424,425,0.8610124351499097
424,712,0.2490098255391767
175,176,0.8619720177004576
176,177,0.2679608756723195
177,178,0.5012431995544849
177,715,0.8831642149732111
177,1030,0.9417777107748175
180,181,0.5018794807884139
180,460,0.663737206931736
180,499,0.8577985928059592
180,1031,0.291609427507001
180,1032,0.485281417024938
499,500,0.4667637278368243
499,689,0.10586615579613357
499,698,0.9044782279383385
181,182,0.21493154206633897
181,234,0.43985177777420437
181,235,0.9507229898380947
181,499,0.15396054524022917
181,735,0.7950720244401615
181,1049,0.10052358452576843
460,461,0.6027538934236285
460,1045,0.6487422989051561
1031,1033,0.7899218937919128
182,183,0.7580788420478899
234,1031,0.7515042599359288
235,236,0.7222774338230743
235,1051,0.3957388172850548
1049,1050,0.9203027707349625
183,184,0.31021828700964366
184,185,0.3410864004436674
185,186,0.9973650400972158
186,187,0.39930514173986653
186,188,0.37703936130873394
186,718,0.3111195666310126
187,188,0.9301152900146449
187,1083,0.7346917408725446
188,189,0.5962083294312172
188,545,0.25799457035869905
188,546,0.12654272696658317
188,699,0.4152634704913868
189,190,0.4113121311257445
189,719,0.5561946541218047
545,699,0.846911200303141
545,702,0.6462789265274008
699,700,0.8608839088094308
190,191,0.543609242494085
190,543,0.7558815754341122
190,1113,0.4563752674318423
191,192,0.7643947886722712
191,719,0.9584030628440978
1113,1114,0.6461465846692982
192,193,0.5244210610256457
192,194,0.48947447448093406
193,194,0.28999056331433165
193,1153,0.6513901102296382
194,195,0.5773537900101485
194,196,0.14789922836651206
194,1116,0.5807602204486898
195,196,0.7582997322106932
195,1124,0.2244995655794082
196,197,0.45811038534602755
196,241,0.7206466160375052
196,1153,0.5301665875135311
1116,1117,0.45623841350274374
197,198,0.7845980496895794
197,242,0.7316489246813964
197,243,0.5933765604041298
241,242,0.4443856806481171
241,549,0.670301094227711
241,563,0.873174881312665
198,199,0.844178471835407
242,1154,0.6858540252691772
243,244,0.1848352535622833
199,200,0.2057547953488133
200,201,0.4251947955262233
201,202,0.9133168314127503
202,203,0.9264745137603222
203,204,0.3148422343260633
203,246,0.624840589356871
203,577,0.7550557905053974
204,205,0.9648810838313808
204,206,0.4931897070964485
204,247,0.26291085621376364
204,931,0.21665258187486813
204,932,0.9407926259504084
246,247,0.8085292233220213
246,276,0.7600633265539191
246,747,0.8971220971033426
205,206,0.8001671174727144
206,207,0.7405134416869926
206,248,0.30881526234659845
206,1170,0.6369603416011418
207,208,0.7477409441861612
208,209,0.6966047844746449
211,212,0.6383257876615239
211,933,0.28853805799129295
933,934,0.2576983382861113
1171,1172,0.5358664225762809
213,214,0.9392288999116768
214,249,0.815891766043807
249,250,0.4936836488674151
215,216,0.5635505034376371
216,217,0.4170393381412002
217,218,0.6537352496997202
217,288,0.14163563899070333
217,616,0.3081344901652434
218,219,0.5789799569868505
288,289,0.5167344989909982
219,220,0.1685882884534642
220,221,0.20692959419192003
221,222,0.3689286009342202
221,703,0.5926802202019675
222,223,0.622436734442048
703,704,0.6776406949870017
223,224,0.8213927555784843
223,802,0.558072843580537
224,225,0.28993641460609476
224,808,0.3349944090575029
802,807,0.7372065192010352
225,226,0.590517349681383
225,708,0.5514531327649538
225,709,0.8055809343948646
808,809,0.6136693655316601
226,227,0.5149630919022288
709,710,0.48382488597647566
709,809,0.673561891032239
709,811,0.5924019231769695
227,228,0.8473955447089379
228,811,0.6154116367747259
228,834,0.12634541324960197
228,835,0.8538514457811323
835,836,0.5706518410894497
229,230,0.3728352805199274
229,730,0.8302996043603098
229,731,0.9810222752890918
229,858,0.5781696386418231
230,231,0.20959169047080256
230,400,0.934343036608493
231,232,0.6697390456081119
232,233,0.40782624264454226
232,401,0.1816335360170014
232,424,0.3231455629999942
233,234,0.8677863835495192
233,427,0.5437365507854494
233,428,0.23254177665996326
233,1033,0.18496953409170508
401,402,0.5758505534119129
401,731,0.3445315851546409
401,732,0.872547597594691
401,1019,0.17275512195806947
428,429,0.2746722359444585
428,732,0.5079247514008779
428,733,0.4280313171903003
236,237,0.57664314356538
236,501,0.6899327351626788
236,502,0.4649578983579792
236,717,0.7408010944545451
236,718,0.8070973862854728
236,720,0.26267583108918674
236,735,0.9999934337474113
237,238,0.16474962213372835
237,910,0.40293494398229235
502,503,0.5719161880670486
717,736,0.9705085180682606
720,721,0.8533716224967738
238,239,0.42329287517935366
238,1092,0.6336255930522107
239,240,0.5062739585619223
240,241,0.28732719541796303
240,546,0.6294518757829418
240,547,0.4289952820312083
240,1118,0.5237924874974934
547,548,0.35499015299373127
1118,1119,0.2787778929408383
1118,1124,0.5781715470670069
549,550,0.7692179285638907
563,564,0.7459532297074111
563,745,0.4519904665531902
563,746,0.7540800843312067
563,1154,0.3836282281595592
244,245,0.3588881686971569
245,246,0.9592562560317086
276,578,0.9181670737261076
250,251,0.8168125893475764
252,253,0.766097675324129
252,1009,0.7957911371228584
253,254,0.7796293289427515
253,401,0.36250811344387956
253,711,0.8680676447720669
253,995,0.17014632523193418
254,255,0.10346330987749627
254,403,0.5768065867955788
254,860,0.8531117446019962
254,995,0.807444469967744
711,728,0.8236253495983756
711,845,0.6752298740042064
711,846,0.771290933024512
995,996,0.12787332044584132
995,1010,0.1056152837271564
255,256,0.17582677922041035
403,404,0.5580178638451527
403,1008,0.5699128832661042
256,257,0.5997884675943389
257,258,0.788781608586583
258,259,0.35107970187178494
259,260,0.42029526757048286
259,466,0.3649278250830602
259,467,0.3264726536860754
260,261,0.5270545201102206
467,468,0.9058234482192383
261,262,0.38541929266321706
262,263,0.16950584658495216
262,748,0.8803479372215091
262,894,0.8535899182788524
263,264,0.8535450710494202
748,749,0.9620983650831622
894,895,0.9510125666404621
894,1065,0.4478264459061152
894,1066,0.6552275862197322
264,265,0.8910647717363762
264,510,0.7401777505785939
265,266,0.4439575918746478
265,509,0.5656705156222465
265,512,0.9351213409074596
265,551,0.30774473378025224
265,753,0.926279634687463
510,511,0.9409699934227417
510,758,0.24453373531243316
266,267,0.7838493121709424
509,1053,0.43006888450254854
512,513,0.5217863591139901
512,554,0.2028644074388478
512,759,0.3323082655293301
267,268,0.8040080893010951
267,552,0.969988963976974
268,269,0.7851468085788827
268,754,0.2217348939191135
552,553,0.4559135235736732
269,270,0.7195300714357747
269,553,0.3847996560330742
269,1125,0.701730470122991
754,755,0.9473505593101511
270,271,0.7618143236114194
270,760,0.18838393138674892
270,1126,0.4546953861651687
553,554,0.18826839517676114
271,272,0.5665386054964607
760,761,0.5345571797960336
272,273,0.11424097848313619
273,274,0.17227257889942235
274,275,0.5745327774306862
275,276,0.5469742747990851
578,766,0.2498732109056519
578,767,0.7298048863088976
277,278,0.1979114989413206
277,284,0.7682816230844784
277,290,0.5579550954571163
277,378,0.9765114636057002
277,837,0.925242816449406
278,279,0.34459328875564166
278,711,0.3724241042636025
284,285,0.3570230847212206
284,291,0.32777300505460016
284,296,0.7840379968179073
284,297,0.6668502262306025
284,310,0.9331519985184152
284,404,0.18302366156271405
284,405,0.19700252225427142
284,847,0.9957255299276375
284,848,0.8187903407933388
279,280,0.7787064357271188
279,1008,0.5716270531690952
280,281,0.9047998783907764
280,287,0.3991345826801145
280,292,0.8170566288412592
280,433,0.7525654557196879
280,434,0.7952520928082423
281,756,0.4772292298259425
281,896,0.2587739499575267
281,897,0.16580937417431263
287,865,0.5535806303402502
292,293,0.38088578668845463
292,435,0.3920150354415508
433,434,0.900259388453819
433,1020,0.2976556455727209
434,468,0.32481039640976117
756,757,0.6276093411257669
896,1064,0.846479636600183
896,1069,0.13291141242357968
282,283,0.8827157257100826
282,555,0.2635495329781358
555,556,0.6839690282330645
285,286,0.41257275940023275
291,292,0.21854017515118118
297,298,0.4724330013956587
297,865,0.5780629939678928
297,866,0.33507330145908176
310,311,0.7472821375678925
405,406,0.750257715722816
848,849,0.47687117742396956
286,287,0.5784954701778118
289,290,0.8682786820792886
293,294,0.24550963417559446
294,295,0.2756051929045514
298,782,0.28441620185495936
298,783,0.4577567349565609
783,784,0.2194831898571548
299,300,0.8254547601591097
299,314,0.7484876570047517
299,474,0.2993424172050364
300,301,0.63205011471364
314,315,0.5864779522006274
301,302,0.9280365646648882
302,303,0.26864300929491913
303,304,0.27447544069185775
304,305,0.33134068601258804
304,519,0.2515226696284264
304,520,0.5024175396782753
305,306,0.31534029916771444
305,942,0.8319699981149192
520,521,0.345066381362615
306,307,0.5093691548582073
942,943,0.37202875722621553
307,308,0.8707613523611016
308,309,0.5706511529855375
311,312,0.16423140444906317
312,313,0.12293355562644792
312,435,0.8090029810623688
313,314,0.4732328591626186
313,321,0.7641526692597235
321,322,0.5123333947559692
321,436,0.2789663800996777
315,316,0.7151603941394477
316,317,0.5030747787479126
316,522,0.6030783771809434
317,318,0.38129261225473576
317,945,0.6116791573599895
945,946,0.28670690909197094
319,320,0.15213677377718995
319,406,0.17047487022002988
319,407,0.7682114052206531
320,321,0.9454362956849528
320,866,0.13236679970618678
320,867,0.5990110608643471
407,851,0.18133596587199208
867,868,0.25529485387844086
322,323,0.12194612074177018
436,437,0.708028392607601
323,324,0.7886214097478704
324,325,0.6315206601844857
325,326,0.4869797707673893
326,327,0.8281976036557112
327,328,0.20053979987380038
328,523,0.9722497420638421
523,524,0.4134821288839473
523,951,0.15207087420382842
329,330,0.8654346603768274
329,407,0.11394972369543084
329,408,0.7995742906313172
330,331,0.983473704857372
331,332,0.15154776458455316
332,333,0.42160893040252934
333,334,0.45139186370979456
334,335,0.9911736779143885
334,343,0.48589880933058593
335,336,0.351261830939527
335,870,0.9391032993987034
343,344,0.7452848837070202
343,351,0.8406694476297242
336,337,0.8316317727503663
336,444,0.5864235274271171
337,338,0.363203947624806
337,443,0.7094606026370388
337,954,0.11380671918252486
338,339,0.8458668347874576
338,954,0.8255704485358077
954,955,0.9636730535262638
339,340,0.447540413272533
339,531,0.1982893719118169
339,532,0.6184073491291214
339,957,0.10838280256661183
532,533,0.10008208850378275
532,959,0.5828678402521795
957,958,0.8804925979586792
341,342,0.7739952017304479
341,350,0.21514222234987154
341,408,0.5265071541528993
341,854,0.6863757704007045
342,343,0.9255312813528919
342,976,0.8837513797150902
350,351,0.8824859215833556
344,345,0.8576794431405905
351,352,0.8757411938530631
351,977,0.9166269667547713
345,346,0.15578344719464665
346,347,0.6817408970077519
346,445,0.5039447062048178
346,965,0.5743344892212852
347,348,0.9302690355708344
347,444,0.9721061753481065
347,956,0.8675438351734688
445,446,0.7149546655195328
445,969,0.29824581577822806
965,966,0.10463829717421505
965,968,0.16103840435487368
348,349,0.26505086143941936
352,353,0.7897432136936058
353,354,0.943210497907318
353,449,0.47354367743698556
353,450,0.10065428777807955
450,451,0.7290816048630778
355,356,0.6425468532114081
357,358,0.7492717003389858
358,359,0.47117228999818417
359,360,0.6714431388337094
360,361,0.5509065818111645
361,362,0.22908067537825214
361,611,0.1050070744418819
361,612,0.47545598171898396
362,363,0.710506057528699
612,613,0.4074652550912087
363,364,0.7153390225266214
364,800,0.3903538823620192
364,801,0.8831435408226924
801,802,0.6495761156446976
365,366,0.11768992892983304
366,367,0.27746198120815835
367,382,0.4876121359768686
367,590,0.8983402020433564
368,369,0.29772728031342666
369,370,0.5906386442300451
369,840,0.5098755039774104
370,371,0.8542574855540669
370,623,0.8442418484407936
623,624,0.7491296065814276
623,841,0.9952491261269496
793,794,0.3695881297324236
376,796,0.3304209055714215
376,797,0.3426473511898128
832,833,0.7482164753799279
797,798,0.7787956868576347
377,378,0.21940437669018142
377,711,0.16484709450830776
377,998,0.8049713641268407
377,1006,0.6646555105881602
998,999,0.5952627625208818
998,1001,0.2627638577721518
998,1002,0.7390650060372398
1006,1007,0.3570430998645182
379,380,0.6966213976390516
379,986,0.7841282935856548
380,381,0.4166404741328267
381,382,0.7369787361626084
383,384,0.2261728050143836
384,385,0.2889294749400079
385,386,0.2859005672968097
386,387,0.13142277415226403
387,388,0.6348194769858845
390,391,0.8187789925734864
390,855,0.27885470124747636
395,396,0.9235721025510533
987,988,0.9124417906835173
396,397,0.12469485489666027
682,683,0.32171475756744805
682,1026,0.3855528089072692
402,403,0.332680187741262
402,452,0.47738884487842514
402,475,0.3274651697740507
1019,1020,0.6998797528562829
452,453,0.9831597485768915
475,476,0.505516190063719
851,852,0.46688692016829814
410,411,0.39694083252508783
862,1027,0.8726169280862186
1024,1025,0.7365925682355173
1014,1015,0.5413517069470825
416,417,0.37377970000322713
416,669,0.1485898352603183
416,670,0.11623972694677975
416,883,0.2952976717139725
418,419,0.9960322338749504
419,420,0.1780628308360074
420,421,0.9411320227575166
421,422,0.9546116654480823
421,690,0.7735194575594854
421,691,0.607780125426274
691,692,0.17838483349092882
683,684,0.1160162889427979
683,692,0.5148422913872783
425,426,0.32673937924379237
712,713,0.2258964688614587
426,427,0.675465155346184
429,430,0.35116676035440886
429,732,0.7307899288370738
429,1016,0.302202508070281
733,734,0.21024205716831168
430,431,0.13475880413664026
1016,1017,0.8846203270950537
431,432,0.5835506725251616
432,433,0.8638108364705251
432,465,0.5228829009363914
432,1019,0.6854006793643226
465,466,0.5576522120292463
465,748,0.19447376924706555
468,469,0.6411004987855532
468,1067,0.46123690891988445
437,438,0.3795678447686782
438,439,0.4304936227396087
439,440,0.9035585726709474
439,523,0.10349197063104174
439,950,0.25655225700940243
440,441,0.8784850010178779
440,527,0.16768552395901853
440,528,0.25996505001739756
440,950,0.9800434665890837
950,952,0.5752324233270453
441,442,0.9869235622986162
528,529,0.19933302161876537
442,443,0.6369606819884371
442,953,0.22984470132096582
446,447,0.10939251707611951
969,970,0.9282415642621556
447,448,0.6099399390818949
448,449,0.3461445162016231
448,973,0.13769858258405676
478,479,0.4498148691810877
874,875,0.6723769174441705
874,1028,0.9040406859984403
688,689,0.16804824172353405
688,1043,0.9003217633636884
694,695,0.3964825269756681
461,462,0.6308721945276403
461,1018,0.5219962001433998
462,463,0.3387002631902698
462,464,0.8425914207951072
462,717,0.5487704789370864
462,735,0.16030180751688733
463,464,0.15203590647009016
464,465,0.826020861572591
464,1047,0.9567371254228619
469,470,0.4717910441749972
470,471,0.4663139650858258
470,896,0.4108578299381346
470,1068,0.6938639119826949
471,472,0.31954398756695696
472,473,0.3922956240484512
473,474,0.39557808876815037
473,899,0.40203701811776316
476,477,0.4740187673086317
477,478,0.3273990649001406
477,900,0.41048508877133105
900,901,0.5495611635252363
620,621,0.6076226808682372
481,482,0.8612999992736503
482,483,0.7098949235764498
482,628,0.5206401613057082
483,484,0.533965207792195
484,485,0.21072225697117997
487,488,0.553805937727863
487,672,0.8982139704591625
488,489,0.7669429947123803
489,490,0.17348358668818714
489,675,0.24397583977653758
490,491,0.9188854185346482
490,674,0.6235740886769924
675,676,0.8176935462822303
491,492,0.6506562201195579
491,494,0.6348051164627032
491,495,0.9875680156126123
492,493,0.4025721200709035
696,697,0.6097781410160941
696,1081,0.6724231291102829
500,501,0.8111103145160962
698,699,0.7811069362700152
698,700,0.20384282133587145
698,907,0.25751749122060735
698,908,0.8607313593920641
503,504,0.42241347392512885
503,1046,0.3695760164315398
504,505,0.673758178903191
504,737,0.43664335698408663
504,738,0.16400574611872046
504,749,0.6897194949839203
504,910,0.596109028665353
1046,1047,0.3439984968686748
505,506,0.2763864004658035
505,750,0.6271559493824758
505,1052,0.6564298460208494
738,739,0.808481162463788
749,750,0.12955656126883439
506,507,0.27733677770926857
506,751,0.8554510683026084
507,508,0.39733578401058756
751,752,0.21623148666304393
508,509,0.250714768840535
508,752,0.882085702267245
508,753,0.2411768655174931
508,1048,0.2933278906533624
752,753,0.42272350425148675
511,512,0.36282402005555314
758,759,0.8129876306378959
758,1069,0.7056730606385296
513,1095,0.2405526480252196
554,760,0.8246242955605074
1095,1096,0.8738151813549567
514,515,0.20220341295326938
514,558,0.6164232481293163
515,516,0.8679065331998127
515,785,0.4877635997770793
516,517,0.715449033881228
516,1108,0.8886887870749532
517,518,0.7448580269161961
518,519,0.1173684553282141
521,522,0.9464313435849759
524,525,0.23916939037768295
525,526,0.23975193675076722
526,527,0.11094265000630872
529,530,0.2646294074218875
530,531,0.41837789304899564
533,534,0.5222800463466356
959,960,0.9263935156745154
959,962,0.5208729794670189
534,956,0.8106913321374115
535,536,0.8875177842520126
535,591,0.7869445333053299
591,592,0.2027725887854721
539,540,0.10944856927914248
544,545,0.6036072370009694
702,1082,0.8599150549343944
548,549,0.8262529438657473
548,910,0.6116880522486993
550,551,0.30051636107252117
550,741,0.40945487001866854
550,742,0.2903107817244096
550,753,0.6691981420756932
556,557,0.9654471970270556
557,558,0.22516942362153114
593,918,0.11275270781509156
594,595,0.27477589739737474
911,912,0.7062803325921961
564,565,0.6331040117863499
745,755,0.7649665053417101
746,747,0.9767856999804919
565,566,0.9993618157589074
566,567,0.13798046572608214
566,580,0.6238041628985439
567,568,0.41918608010026015
567,775,0.27675553389220053
580,581,0.27756743065981404
580,1155,0.6587080575056782
568,569,0.7417257370876058
569,570,0.24030097171850803
570,571,0.4214021172171002
574,575,0.15223725314836006
575,576,0.32942702826777287
575,1150,0.9295029308219726
1164,1165,0.9370518624123932
766,922,0.22975881874664794
767,768,0.629411093106266
579,580,0.7653522939822092
581,582,0.13755697494906363
581,775,0.9735712238887747
581,928,0.9908242811258109
1155,1156,0.900198775122144
582,583,0.2489588449616546
928,929,0.16743299430433967
583,584,0.730733361365601
584,585,0.7239531599454495
586,587,0.7206373350665379
587,588,0.5726987733050756
587,812,0.5920962288294812
587,820,0.9685463605598951
588,589,0.3576399721785961
589,590,0.6115525433517397
592,593,0.644614220527925
918,919,0.543979957608438
918,1128,0.2908698008414988
918,1129,0.3935260750716474
595,596,0.8927970213375543
597,598,0.23905353817036548
597,884,0.4109761590226453
598,1072,0.8916903930143798
598,1073,0.7502192289570222
884,885,0.19140687308343196
884,1023,0.5440323494437238
1073,1074,0.4182303789364584
601,602,0.23773690527863423
829,983,0.3618234720997273
830,831,0.8616090843900758
602,603,0.26824839603400774
603,604,0.13315056151925736
603,985,0.9600685083495339
605,606,0.6919017031435943
634,635,0.3412772331465395
606,607,0.45591729484162513
607,608,0.3151542927149678
608,609,0.499859762108148
608,800,0.9149387498427555
609,610,0.27699572883472595
613,614,0.1799657438413686
614,615,0.11183788649571295
614,716,0.8034565185727424
615,616,0.2066670771946848
617,618,0.4151723267446804
618,619,0.43335303726680585
619,1139,0.9088277122535992
624,625,0.2797480121100547
625,626,0.3439071051660373
626,627,0.5362732385444557
902,903,0.42076012626552406
635,636,0.8434184936049459
636,637,0.1838420508399224
637,638,0.7822492191738059
638,639,0.20211517212877383
639,640,0.8039228327382865
641,642,0.723786229540088
642,643,0.6947613390451199
643,644,0.1494938132715754
643,984,0.6100420023361369
644,645,0.8606901578333708
984,985,0.7437670786079005
646,647,0.28363002524484915
647,648,0.607207858038823
649,650,0.3108211285568617
650,651,0.5538872487184573
651,652,0.6295914783375544
651,813,0.4325274662881182
813,814,0.1017969190090944
653,654,0.8726113532570157
654,655,0.33285071111490827
655,656,0.423831504460332
657,658,0.10141233612949041
658,659,0.6257863637613275
659,660,0.3248223521208574
660,661,0.8307387524643456
661,662,0.42874153408191307
662,663,0.33569910947845205
663,664,0.6141495827178648
664,665,0.373144385347733
665,824,0.24230043625822764
824,825,0.6008803538593694
666,667,0.432482779733835
667,668,0.7172963011220097
676,677,0.6700335838347268
679,680,0.9954194820941114
680,681,0.6526259022649764
684,685,0.5572297522354155
692,693,0.996803579006788
685,686,0.13040686654044817
686,687,0.5716372221435491
686,887,0.7052419312603394
697,698,0.34752497644900104
908,909,0.11245703601393012
704,705,0.308814930043668
705,706,0.36768409495840404
706,707,0.3888439039369753
707,708,0.6029203065543223
710,810,0.856222364956271
809,810,0.3658094497839719
728,729,0.5520923096237771
728,1009,0.6310130639466057
728,1010,0.506814279390004
846,847,0.3447524426953716
846,996,0.6477096159674313
846,997,0.8177706252741268
713,714,0.7000593268782501
714,715,0.618575988279689
736,737,0.6108394918628218
721,722,0.3021321856783123
722,723,0.47953223461824246
722,1092,0.2576970667726123
723,724,0.6072357518995435
724,725,0.48186393121677307
725,726,0.18163551853467963
725,1091,0.3007663612021642
725,1116,0.3997801034745071
726,727,0.9837914711098997
729,730,0.10310392385688205
729,859,0.5689171260990293
859,860,0.1747643652238972
734,735,0.7851261433625334
739,740,0.11311783175367784
739,752,0.37646619610191
739,910,0.7246976946966914
740,741,0.268156186269581
743,744,0.9188471775250661
744,745,0.7588589586623941
757,758,0.1890421861231298
761,762,0.9731696512929793
762,763,0.4906816176811355
763,764,0.6000288827810567
764,765,0.8536682602375937
765,766,0.5161045138589915
922,923,0.11272531135248633
768,769,0.2978151620526782
768,935,0.10798708948916086
768,1156,0.12789537038202245
768,1157,0.35779641532491446
769,770,0.8810171996673978
935,936,0.8558543980210684
770,771,0.3870522579173653
771,772,0.3013582270317984
772,773,0.12341852565770312
773,774,0.26230886619778204
776,777,0.2042582649560309
777,778,0.9252972416274537
778,779,0.3592060389242402
779,780,0.915255495632122
781,782,0.29435667813775274
781,897,0.45825688001719267
781,898,0.9320179185529529
898,899,0.3705814334828914
784,785,0.31182617322667444
786,787,0.7314646667744998
787,788,0.3646157337228487
788,789,0.3537163989067643
789,790,0.1324539012106556
790,791,0.2654084486200914
791,792,0.6265754726450922
792,949,0.9500439164020447
794,795,0.9355161467958787
795,796,0.6086857225500936
795,844,0.21585641686916668
799,800,0.44283732644177776
803,804,0.3624560554774072
804,805,0.19253436328324888
805,806,0.8810196986063203
806,807,0.6842598059261763
814,815,0.36530779685279535
815,816,0.13750909452259638
816,817,0.6976863370908017
817,818,0.6041782262086017
818,819,0.572901819311452
821,822,0.6045813361765755
822,823,0.8452491867702921
825,826,0.47478809828350443
826,827,0.5436863656947424
827,828,0.4408832975529965
828,829,0.4491247002484914
836,837,0.9955542989749887
838,839,0.26818074557289473
839,840,0.28549157702215894
993,994,0.6489191067679645
849,850,0.561843904924271
850,851,0.17358282131662595
852,853,0.18097546576032872
853,854,0.23118091138659977
857,858,0.1811145849859706
868,869,0.3740984804809955
869,870,0.35305180335865805
871,872,0.9328869440078731
872,873,0.17806094938723704
873,874,0.7127850207385957
877,878,0.3779039888321085
878,879,0.3090555517760808
892,893,0.7277135022290538
895,896,0.22690737146524684
1066,1067,0.23698776078909378
903,904,0.4400845712799344
913,914,0.6542329295997112
915,916,0.5707917731523313
916,917,0.48622988994462524
919,920,0.5265490589624553
919,1131,0.8675645812652556
1129,1130,0.5281611673889255
1129,1140,0.11613940086654928
920,921,0.5181611015581962
1131,1132,0.594969694043753
924,925,0.6135708682765241
925,926,0.7624661473154393
926,927,0.3463186190905485
929,930,0.5219592728809646
936,937,0.4081812448376423
938,939,0.317557690847351
939,940,0.3945489143627533
940,941,0.3046974928662506
943,944,0.748912811424283
946,947,0.6635531323908679
947,948,0.9094714106436015
948,949,0.7042509970028605
955,956,0.1329938405176362
958,959,0.7264172659330728
960,961,0.8688411623089418
962,963,0.531133073615812
963,964,0.24755468442420864
966,967,0.591882580130983
968,969,0.7179461558279949
971,972,0.4099941182359117
974,975,0.609305292361112
974,978,0.6274077722492712
975,976,0.8746639398581875
979,980,0.6120188086120624
980,981,0.859672393741818
981,982,0.33454454384250043
982,983,0.8327037289013597
988,989,0.6178986972913882
990,991,0.14419339463249534
999,1000,0.13984850999314938
1002,1003,0.5310551697783166
1003,1004,0.6641483039381835
1004,1005,0.8131420208642678
1017,1018,0.828698168851147
1021,1022,0.503697997078776
1025,1026,0.5111949657045667
1034,1035,0.9310513091125867
1038,1039,0.5341320797406349
1041,1042,0.199423904157299
1050,1051,0.267118079653456
1054,1055,0.9767200660044327
1055,1056,0.26094523032279704
1056,1057,0.32731752419478866
1057,1058,0.529966802934218
1058,1059,0.24464471567042168
1059,1060,0.23789441705711964
1061,1062,0.5684419655641281
1062,1063,0.956574398741142
1063,1064,0.4261359853931884
1070,1071,0.22658760289807045
1076,1077,0.7553259202292812
1084,1085,0.48861261185027405
1085,1086,0.5562127837769609
1086,1087,0.22647009682560004
1087,1088,0.3578282129680238
1088,1089,0.6054196500387595
1089,1090,0.23392284480566977
1090,1091,0.7214969554640642
1090,1115,0.48464892780815727
1093,1094,0.9202434161171106
1097,1098,0.25312999929718927
1098,1099,0.9624528958193627
1099,1100,0.48983396159882464
1100,1101,0.4544412365534065
1101,1102,0.2261321075269701
1102,1103,0.3359216881209838
1103,1104,0.5832404662875177
1104,1105,0.5302694181566041
1105,1106,0.7430622211895181
1107,1108,0.9452126817934613
1117,1118,0.9942882629609294
1119,1120,0.4287521445183251
1120,1121,0.8183414702369775
1121,1122,0.6280371371456057
1122,1123,0.7956200779758362
1127,1128,0.5890934548565044
1132,1133,0.258129772187114
1132,1142,0.5969044594878343
1133,1134,0.3228473549319161
1134,1135,0.8884574848897164
1135,1136,0.8774580061277304
1137,1138,0.5979658489828603
1141,1142,0.8892691703477955
1147,1148,0.7314728643881723
1151,1152,0.7387973154743938
1158,1159,0.8977736363438422
1160,1161,0.9873434348908143
1162,1163,0.8220295795793255
1165,1166,0.5287104861359989
1167,1168,0.552323104571758
1168,1169,0.6491302818408997
1169,1170,0.29017754731920786
1173,1174,0.25233023877646016
